<grammar version="1.0" xml:lang="fr-FR" mode="voice" root="ruleDateConviviale" xmlns="http://www.w3.org/2001/06/grammar" tag-format="semantics/1.0">
  <rule id="ruleDateConviviale" scope="public">
    <example>Sarah quelle date sommes-nous</example>
    <tag>out.action=new Object(); </tag>
    <item weight="2">Sarah</item>
    <one-of>
      <item>Quelle date sommes-nous</item>
      <item>Quel jour sommes-nous</item>	  
      <item>Quelle est la date</item>
      <item>Quelle est la date d'aujourd'hui</item>
      <item>Quelle date aujourd'hui</item>
      <item>On est quand</item>
      <item>On est quel jour</item>	  
      <item>Donne moi la date</item>
      <item>Donne moi la date d'aujourd'hui</item>
      <item>Je ne sais plus quel jour on est</item>	  
      <item>Je ne sais plus quelle date on est</item>	  
    </one-of>
    <tag>out.action._attributes.uri="http://127.0.0.1:8080/sarah/dateconviviale";</tag>
  </rule>
</grammar>
